sample_id	population	superpopulation	ont_hap1_modbed_mb	ont_hap2_modbed_mb	has_pacbio_methylc	has_fiberseq	has_hic	has_isoseq_expression	has_harmonized_sup5_basecall	had_guppy_raw	had_dorado06_raw	assembly_naming	assembly_hap1_url	assembly_hap2_url	in_asm_lr_18donor_cohort	in_asm_lr_30donor_plan
HG00097	GBR	EUR	2343.2	2312.9	True	False	True	True	True	False	True	hap	https://human-pangenomics.s3.amazonaws.com/working/HPRC/HG00097/assemblies/release2/HG00097_hap1_hprc_r2_v1.0.1.fa.gz	https://human-pangenomics.s3.amazonaws.com/working/HPRC/HG00097/assemblies/release2/HG00097_hap2_hprc_r2_v1.0.1.fa.gz	False	False
HG00099	GBR	EUR	2632.4	2620.3	True	False	True	True	True	True	False	hap	https://human-pangenomics.s3.amazonaws.com/working/HPRC/HG00099/assemblies/release2/HG00099_hap1_hprc_r2_v1.0.1.fa.gz	https://human-pangenomics.s3.amazonaws.com/working/HPRC/HG00099/assemblies/release2/HG00099_hap2_hprc_r2_v1.0.1.fa.gz	False	False
HG00126	GBR	EUR	3061.0	3024.4	True	False	True	True	True	False	True	hap	https://human-pangenomics.s3.amazonaws.com/working/HPRC/HG00126/assemblies/release2/HG00126_hap1_hprc_r2_v1.0.1.fa.gz	https://human-pangenomics.s3.amazonaws.com/working/HPRC/HG00126/assemblies/release2/HG00126_hap2_hprc_r2_v1.0.1.fa.gz	True	True
HG00128	GBR	EUR	2468.4	2429.5	True	False	True	True	True	False	True	hap	https://human-pangenomics.s3.amazonaws.com/working/HPRC/HG00128/assemblies/release2/HG00128_hap1_hprc_r2_v1.0.1.fa.gz	https://human-pangenomics.s3.amazonaws.com/working/HPRC/HG00128/assemblies/release2/HG00128_hap2_hprc_r2_v1.0.1.fa.gz	False	False
HG00133	GBR	EUR	2787.5	2825.1	True	False	True	True	True	False	True	hap	https://human-pangenomics.s3.amazonaws.com/working/HPRC/HG00133/assemblies/release2/HG00133_hap1_hprc_r2_v1.0.1.fa.gz	https://human-pangenomics.s3.amazonaws.com/working/HPRC/HG00133/assemblies/release2/HG00133_hap2_hprc_r2_v1.0.1.fa.gz	False	False
HG00140	GBR	EUR	3299.6	3344.0	True	False	True	True	True	True	False	hap	https://human-pangenomics.s3.amazonaws.com/working/HPRC/HG00140/assemblies/release2/HG00140_hap1_hprc_r2_v1.0.1.fa.gz	https://human-pangenomics.s3.amazonaws.com/working/HPRC/HG00140/assemblies/release2/HG00140_hap2_hprc_r2_v1.0.1.fa.gz	False	False
HG00146	GBR	EUR	2609.5	2700.2	True	False	True	True	True	False	True	hap	https://human-pangenomics.s3.amazonaws.com/working/HPRC/HG00146/assemblies/release2/HG00146_hap1_hprc_r2_v1.0.1.fa.gz	https://human-pangenomics.s3.amazonaws.com/working/HPRC/HG00146/assemblies/release2/HG00146_hap2_hprc_r2_v1.0.1.fa.gz	True	True
HG00232	GBR	EUR	2669.5	2710.4	True	False	True	True	True	False	True	hap	https://human-pangenomics.s3.amazonaws.com/working/HPRC/HG00232/assemblies/release2/HG00232_hap1_hprc_r2_v1.0.1.fa.gz	https://human-pangenomics.s3.amazonaws.com/working/HPRC/HG00232/assemblies/release2/HG00232_hap2_hprc_r2_v1.0.1.fa.gz	False	False
HG00235	GBR	EUR	2462.9	2485.1	True	False	True	True	True	False	True	hap	https://human-pangenomics.s3.amazonaws.com/working/HPRC/HG00235/assemblies/release2/HG00235_hap1_hprc_r2_v1.0.1.fa.gz	https://human-pangenomics.s3.amazonaws.com/working/HPRC/HG00235/assemblies/release2/HG00235_hap2_hprc_r2_v1.0.1.fa.gz	False	False
HG00253	GBR	EUR	2728.0	2776.4	True	False	True	True	True	False	True	hap	https://human-pangenomics.s3.amazonaws.com/working/HPRC/HG00253/assemblies/release2/HG00253_hap1_hprc_r2_v1.0.1.fa.gz	https://human-pangenomics.s3.amazonaws.com/working/HPRC/HG00253/assemblies/release2/HG00253_hap2_hprc_r2_v1.0.1.fa.gz	True	True
HG00272	FIN	EUR	2405.0	2396.8	True	False	True	True	True	False	True	hap	https://human-pangenomics.s3.amazonaws.com/working/HPRC/HG00272/assemblies/release2/HG00272_hap1_hprc_r2_v1.0.1.fa.gz	https://human-pangenomics.s3.amazonaws.com/working/HPRC/HG00272/assemblies/release2/HG00272_hap2_hprc_r2_v1.0.1.fa.gz	False	False
HG00280	FIN	EUR	2628.7	2788.1	True	False	True	True	True	True	False	hap	https://human-pangenomics.s3.amazonaws.com/working/HPRC/HG00280/assemblies/release2/HG00280_hap1_hprc_r2_v1.0.1.fa.gz	https://human-pangenomics.s3.amazonaws.com/working/HPRC/HG00280/assemblies/release2/HG00280_hap2_hprc_r2_v1.0.1.fa.gz	False	False
HG00290	FIN	EUR	2610.7	2615.5	True	False	True	True	True	False	True	hap	https://human-pangenomics.s3.amazonaws.com/working/HPRC/HG00290/assemblies/release2/HG00290_hap1_hprc_r2_v1.0.1.fa.gz	https://human-pangenomics.s3.amazonaws.com/working/HPRC/HG00290/assemblies/release2/HG00290_hap2_hprc_r2_v1.0.1.fa.gz	False	False
HG00320	FIN	EUR	3309.4	3323.6	True	False	True	True	True	False	True	hap	https://human-pangenomics.s3.amazonaws.com/working/HPRC/HG00320/assemblies/release2/HG00320_hap1_hprc_r2_v1.0.1.fa.gz	https://human-pangenomics.s3.amazonaws.com/working/HPRC/HG00320/assemblies/release2/HG00320_hap2_hprc_r2_v1.0.1.fa.gz	False	False
HG00321	FIN	EUR	3069.9	2984.4	True	False	True	True	True	False	True	hap	https://human-pangenomics.s3.amazonaws.com/working/HPRC/HG00321/assemblies/release2/HG00321_hap1_hprc_r2_v1.0.1.fa.gz	https://human-pangenomics.s3.amazonaws.com/working/HPRC/HG00321/assemblies/release2/HG00321_hap2_hprc_r2_v1.0.1.fa.gz	False	False
HG00323	FIN	EUR	2686.9	2684.4	True	False	True	True	True	True	False	hap	https://human-pangenomics.s3.amazonaws.com/working/HPRC/HG00323/assemblies/release2/HG00323_hap1_hprc_r2_v1.0.1.fa.gz	https://human-pangenomics.s3.amazonaws.com/working/HPRC/HG00323/assemblies/release2/HG00323_hap2_hprc_r2_v1.0.1.fa.gz	False	True
HG00329	FIN	EUR	2622.0	2761.0	True	False	True	True	True	False	True	hap	https://human-pangenomics.s3.amazonaws.com/working/HPRC/HG00329/assemblies/release2/HG00329_hap1_hprc_r2_v1.0.1.fa.gz	https://human-pangenomics.s3.amazonaws.com/working/HPRC/HG00329/assemblies/release2/HG00329_hap2_hprc_r2_v1.0.1.fa.gz	False	False
HG00344	FIN	EUR	2094.6	2076.6	True	False	True	True	True	False	True	hap	https://human-pangenomics.s3.amazonaws.com/working/HPRC/HG00344/assemblies/release2/HG00344_hap1_hprc_r2_v1.0.1.fa.gz	https://human-pangenomics.s3.amazonaws.com/working/HPRC/HG00344/assemblies/release2/HG00344_hap2_hprc_r2_v1.0.1.fa.gz	True	True
HG00350	FIN	EUR	3245.5	3234.1	True	False	True	True	True	False	True	hap	https://human-pangenomics.s3.amazonaws.com/working/HPRC/HG00350/assemblies/release2/HG00350_hap1_hprc_r2_v1.0.1.fa.gz	https://human-pangenomics.s3.amazonaws.com/working/HPRC/HG00350/assemblies/release2/HG00350_hap2_hprc_r2_v1.0.1.fa.gz	False	False
HG00408	CHS	EAS	3210.9	3181.8	True	False	True	True	True	True	False	trio	https://human-pangenomics.s3.amazonaws.com/working/HPRC/HG00408/assemblies/release2/HG00408_pat_hprc_r2_v1.0.1.fa.gz	https://human-pangenomics.s3.amazonaws.com/working/HPRC/HG00408/assemblies/release2/HG00408_mat_hprc_r2_v1.0.1.fa.gz	False	False
HG00423	CHS	EAS	2726.9	2778.9	True	False	True	True	True	True	False	trio	https://human-pangenomics.s3.amazonaws.com/working/HPRC/HG00423/assemblies/release2/HG00423_pat_hprc_r2_v1.0.1.fa.gz	https://human-pangenomics.s3.amazonaws.com/working/HPRC/HG00423/assemblies/release2/HG00423_mat_hprc_r2_v1.0.1.fa.gz	False	False
HG00438	CHS	EAS	3021.4	3001.1	True	False	True	True	True	True	False	trio	https://human-pangenomics.s3.amazonaws.com/working/HPRC/HG00438/assemblies/release2/HG00438_pat_hprc_r2_v1.0.1.fa.gz	https://human-pangenomics.s3.amazonaws.com/working/HPRC/HG00438/assemblies/release2/HG00438_mat_hprc_r2_v1.0.1.fa.gz	False	True
HG005	NA	NA	2380.8	2416.0	True	False	False	False	False	False	False	UNRESOLVED			False	False
HG00544	CHS	EAS	2932.0	2988.1	True	False	True	True	True	True	False	trio	https://human-pangenomics.s3.amazonaws.com/working/HPRC/HG00544/assemblies/release2/HG00544_pat_hprc_r2_v1.0.1.fa.gz	https://human-pangenomics.s3.amazonaws.com/working/HPRC/HG00544/assemblies/release2/HG00544_mat_hprc_r2_v1.0.1.fa.gz	False	False
HG00558	CHS	EAS	2494.4	2458.8	True	False	True	True	True	True	False	trio	https://human-pangenomics.s3.amazonaws.com/working/HPRC/HG00558/assemblies/release2/HG00558_pat_hprc_r2_v1.0.1.fa.gz	https://human-pangenomics.s3.amazonaws.com/working/HPRC/HG00558/assemblies/release2/HG00558_mat_hprc_r2_v1.0.1.fa.gz	False	False
HG00597	CHS	EAS	3151.7	3233.3	True	False	True	True	True	True	False	trio	https://human-pangenomics.s3.amazonaws.com/working/HPRC/HG00597/assemblies/release2/HG00597_pat_hprc_r2_v1.0.1.fa.gz	https://human-pangenomics.s3.amazonaws.com/working/HPRC/HG00597/assemblies/release2/HG00597_mat_hprc_r2_v1.0.1.fa.gz	False	False
HG00609	CHS	EAS	2696.2	2755.8	True	False	True	True	True	True	False	trio	https://human-pangenomics.s3.amazonaws.com/working/HPRC/HG00609/assemblies/release2/HG00609_pat_hprc_r2_v1.0.1.fa.gz	https://human-pangenomics.s3.amazonaws.com/working/HPRC/HG00609/assemblies/release2/HG00609_mat_hprc_r2_v1.0.1.fa.gz	False	False
HG00621	CHS	EAS	2729.6	2841.3	True	False	True	True	True	True	False	trio	https://human-pangenomics.s3.amazonaws.com/working/HPRC/HG00621/assemblies/release2/HG00621_pat_hprc_r2_v1.0.1.fa.gz	https://human-pangenomics.s3.amazonaws.com/working/HPRC/HG00621/assemblies/release2/HG00621_mat_hprc_r2_v1.0.1.fa.gz	False	True
HG00639	PUR	AMR	2692.8	2753.3	True	False	True	True	True	True	False	trio	https://human-pangenomics.s3.amazonaws.com/working/HPRC/HG00639/assemblies/release2/HG00639_pat_hprc_r2_v1.0.1.fa.gz	https://human-pangenomics.s3.amazonaws.com/working/HPRC/HG00639/assemblies/release2/HG00639_mat_hprc_r2_v1.0.1.fa.gz	False	False
HG00642	PUR	AMR	2970.5	3137.8	True	False	True	True	True	True	False	trio	https://human-pangenomics.s3.amazonaws.com/working/HPRC/HG00642/assemblies/release2/HG00642_pat_hprc_r2_v1.0.1.fa.gz	https://human-pangenomics.s3.amazonaws.com/working/HPRC/HG00642/assemblies/release2/HG00642_mat_hprc_r2_v1.0.1.fa.gz	False	False
HG00658	CHS	EAS	3045.2	3061.5	True	False	True	True	True	True	False	trio	https://human-pangenomics.s3.amazonaws.com/working/HPRC/HG00658/assemblies/release2/HG00658_pat_hprc_r2_v1.0.1.fa.gz	https://human-pangenomics.s3.amazonaws.com/working/HPRC/HG00658/assemblies/release2/HG00658_mat_hprc_r2_v1.0.1.fa.gz	False	False
HG00673	CHS	EAS	2800.8	2803.1	True	False	True	True	True	True	False	trio	https://human-pangenomics.s3.amazonaws.com/working/HPRC/HG00673/assemblies/release2/HG00673_pat_hprc_r2_v1.0.1.fa.gz	https://human-pangenomics.s3.amazonaws.com/working/HPRC/HG00673/assemblies/release2/HG00673_mat_hprc_r2_v1.0.1.fa.gz	False	False
HG00706	CHS	EAS	3216.6	3292.8	True	False	True	True	True	True	False	trio	https://human-pangenomics.s3.amazonaws.com/working/HPRC/HG00706/assemblies/release2/HG00706_pat_hprc_r2_v1.0.1.fa.gz	https://human-pangenomics.s3.amazonaws.com/working/HPRC/HG00706/assemblies/release2/HG00706_mat_hprc_r2_v1.0.1.fa.gz	False	False
HG00733	PUR	AMR	2572.8	2573.0	True	False	True	False	False	False	False	UNRESOLVED			False	False
HG00735	PUR	AMR	2727.5	2744.0	True	False	True	True	True	True	False	trio	https://human-pangenomics.s3.amazonaws.com/working/HPRC/HG00735/assemblies/release2/HG00735_pat_hprc_r2_v1.0.1.fa.gz	https://human-pangenomics.s3.amazonaws.com/working/HPRC/HG00735/assemblies/release2/HG00735_mat_hprc_r2_v1.0.1.fa.gz	False	False
HG00738	PUR	AMR	3434.9	3568.8	True	False	True	True	True	True	False	trio	https://human-pangenomics.s3.amazonaws.com/working/HPRC/HG00738/assemblies/release2/HG00738_pat_hprc_r2_v1.0.1.fa.gz	https://human-pangenomics.s3.amazonaws.com/working/HPRC/HG00738/assemblies/release2/HG00738_mat_hprc_r2_v1.0.1.fa.gz	False	False
HG00741	PUR	AMR	3197.0	3247.8	True	False	True	True	True	True	False	trio	https://human-pangenomics.s3.amazonaws.com/working/HPRC/HG00741/assemblies/release2/HG00741_pat_hprc_r2_v1.0.1.fa.gz	https://human-pangenomics.s3.amazonaws.com/working/HPRC/HG00741/assemblies/release2/HG00741_mat_hprc_r2_v1.0.1.fa.gz	False	False
HG01071	PUR	AMR	3403.0	3314.2	True	False	True	True	True	True	False	trio	https://human-pangenomics.s3.amazonaws.com/working/HPRC/HG01071/assemblies/release2/HG01071_pat_hprc_r2_v1.0.1.fa.gz	https://human-pangenomics.s3.amazonaws.com/working/HPRC/HG01071/assemblies/release2/HG01071_mat_hprc_r2_v1.0.1.fa.gz	False	False
HG01074	PUR	AMR	3482.8	3564.1	True	False	True	True	True	True	False	trio	https://human-pangenomics.s3.amazonaws.com/working/HPRC/HG01074/assemblies/release2/HG01074_pat_hprc_r2_v1.0.1.fa.gz	https://human-pangenomics.s3.amazonaws.com/working/HPRC/HG01074/assemblies/release2/HG01074_mat_hprc_r2_v1.0.1.fa.gz	False	False
HG01081	PUR	AMR	3947.7	4019.6	True	False	True	True	True	True	False	trio	https://human-pangenomics.s3.amazonaws.com/working/HPRC/HG01081/assemblies/release2/HG01081_pat_hprc_r2_v1.0.1.fa.gz	https://human-pangenomics.s3.amazonaws.com/working/HPRC/HG01081/assemblies/release2/HG01081_mat_hprc_r2_v1.0.1.fa.gz	False	False
HG01099	PUR	AMR	3039.3	3119.3	True	False	True	True	True	True	False	trio	https://human-pangenomics.s3.amazonaws.com/working/HPRC/HG01099/assemblies/release2/HG01099_pat_hprc_r2_v1.0.1.fa.gz	https://human-pangenomics.s3.amazonaws.com/working/HPRC/HG01099/assemblies/release2/HG01099_mat_hprc_r2_v1.0.1.fa.gz	False	False
HG01106	PUR	AMR	2958.5	3007.6	True	False	True	True	True	True	False	trio	https://human-pangenomics.s3.amazonaws.com/working/HPRC/HG01106/assemblies/release2/HG01106_pat_hprc_r2_v1.0.1.fa.gz	https://human-pangenomics.s3.amazonaws.com/working/HPRC/HG01106/assemblies/release2/HG01106_mat_hprc_r2_v1.0.1.fa.gz	False	False
HG01109	PUR	AMR	3444.8	3580.5	True	False	True	False	False	False	False	UNRESOLVED			False	False
HG01123	NA	NA	2645.6	2657.3	True	True	True	False	True	True	False	trio	https://human-pangenomics.s3.amazonaws.com/working/HPRC/HG01123/assemblies/release2/HG01123_pat_hprc_r2_v1.0.1.fa.gz	https://human-pangenomics.s3.amazonaws.com/working/HPRC/HG01123/assemblies/release2/HG01123_mat_hprc_r2_v1.0.1.fa.gz	False	False
HG01150	CLM	AMR	3842.7	3793.7	True	False	True	True	True	True	False	trio	https://human-pangenomics.s3.amazonaws.com/working/HPRC/HG01150/assemblies/release2/HG01150_pat_hprc_r2_v1.0.1.fa.gz	https://human-pangenomics.s3.amazonaws.com/working/HPRC/HG01150/assemblies/release2/HG01150_mat_hprc_r2_v1.0.1.fa.gz	False	False
HG01167	PUR	AMR	2886.5	2865.8	True	False	True	True	True	False	True	hap	https://human-pangenomics.s3.amazonaws.com/working/HPRC/HG01167/assemblies/release2/HG01167_hap1_hprc_r2_v1.0.1.fa.gz	https://human-pangenomics.s3.amazonaws.com/working/HPRC/HG01167/assemblies/release2/HG01167_hap2_hprc_r2_v1.0.1.fa.gz	True	True
HG01175	PUR	AMR	2979.3	2990.7	True	False	True	True	True	True	False	trio	https://human-pangenomics.s3.amazonaws.com/working/HPRC/HG01175/assemblies/release2/HG01175_pat_hprc_r2_v1.0.1.fa.gz	https://human-pangenomics.s3.amazonaws.com/working/HPRC/HG01175/assemblies/release2/HG01175_mat_hprc_r2_v1.0.1.fa.gz	False	False
HG01192	PUR	AMR	2212.1	2280.3	True	False	True	True	True	True	False	trio	https://human-pangenomics.s3.amazonaws.com/working/HPRC/HG01192/assemblies/release2/HG01192_pat_hprc_r2_v1.0.1.fa.gz	https://human-pangenomics.s3.amazonaws.com/working/HPRC/HG01192/assemblies/release2/HG01192_mat_hprc_r2_v1.0.1.fa.gz	False	False
HG01243	PUR	AMR	2252.4	2240.8	True	False	True	False	False	False	False	UNRESOLVED			False	False
HG01252	CLM	AMR	2092.9	2173.5	True	False	True	True	True	True	False	trio	https://human-pangenomics.s3.amazonaws.com/working/HPRC/HG01252/assemblies/release2/HG01252_pat_hprc_r2_v1.0.1.fa.gz	https://human-pangenomics.s3.amazonaws.com/working/HPRC/HG01252/assemblies/release2/HG01252_mat_hprc_r2_v1.0.1.fa.gz	False	False
HG01255	CLM	AMR	3492.1	3513.0	True	False	True	True	True	True	False	trio	https://human-pangenomics.s3.amazonaws.com/working/HPRC/HG01255/assemblies/release2/HG01255_pat_hprc_r2_v1.0.1.fa.gz	https://human-pangenomics.s3.amazonaws.com/working/HPRC/HG01255/assemblies/release2/HG01255_mat_hprc_r2_v1.0.1.fa.gz	False	False
HG01258	CLM	AMR	2203.5	2339.5	True	True	True	True	True	True	False	trio	https://human-pangenomics.s3.amazonaws.com/working/HPRC/HG01258/assemblies/release2/HG01258_pat_hprc_r2_v1.0.1.fa.gz	https://human-pangenomics.s3.amazonaws.com/working/HPRC/HG01258/assemblies/release2/HG01258_mat_hprc_r2_v1.0.1.fa.gz	False	True
HG01261	CLM	AMR	2882.4	3007.9	True	False	True	True	True	True	False	trio	https://human-pangenomics.s3.amazonaws.com/working/HPRC/HG01261/assemblies/release2/HG01261_pat_hprc_r2_v1.0.1.fa.gz	https://human-pangenomics.s3.amazonaws.com/working/HPRC/HG01261/assemblies/release2/HG01261_mat_hprc_r2_v1.0.1.fa.gz	False	False
HG01346	CLM	AMR	3307.8	3271.9	True	False	True	True	True	True	False	trio	https://human-pangenomics.s3.amazonaws.com/working/HPRC/HG01346/assemblies/release2/HG01346_pat_hprc_r2_v1.0.1.fa.gz	https://human-pangenomics.s3.amazonaws.com/working/HPRC/HG01346/assemblies/release2/HG01346_mat_hprc_r2_v1.0.1.fa.gz	False	False
HG01358	CLM	AMR	2191.9	2224.9	True	True	True	True	True	True	False	trio	https://human-pangenomics.s3.amazonaws.com/working/HPRC/HG01358/assemblies/release2/HG01358_pat_hprc_r2_v1.0.1.fa.gz	https://human-pangenomics.s3.amazonaws.com/working/HPRC/HG01358/assemblies/release2/HG01358_mat_hprc_r2_v1.0.1.fa.gz	False	False
HG01361	CLM	AMR	2741.9	2802.5	True	True	True	True	True	True	False	trio	https://human-pangenomics.s3.amazonaws.com/working/HPRC/HG01361/assemblies/release2/HG01361_pat_hprc_r2_v1.0.1.fa.gz	https://human-pangenomics.s3.amazonaws.com/working/HPRC/HG01361/assemblies/release2/HG01361_mat_hprc_r2_v1.0.1.fa.gz	False	True
HG01433	CLM	AMR	3704.8	3707.1	True	False	True	True	True	True	False	trio	https://human-pangenomics.s3.amazonaws.com/working/HPRC/HG01433/assemblies/release2/HG01433_pat_hprc_r2_v1.0.1.fa.gz	https://human-pangenomics.s3.amazonaws.com/working/HPRC/HG01433/assemblies/release2/HG01433_mat_hprc_r2_v1.0.1.fa.gz	False	False
HG01496	CLM	AMR	2836.0	2838.7	True	False	True	True	True	True	False	trio	https://human-pangenomics.s3.amazonaws.com/working/HPRC/HG01496/assemblies/release2/HG01496_pat_hprc_r2_v1.0.1.fa.gz	https://human-pangenomics.s3.amazonaws.com/working/HPRC/HG01496/assemblies/release2/HG01496_mat_hprc_r2_v1.0.1.fa.gz	False	False
HG01530	IBS	EUR	2430.3	2458.2	True	False	True	True	True	True	False	hap	https://human-pangenomics.s3.amazonaws.com/working/HPRC/HG01530/assemblies/release2/HG01530_hap1_hprc_r2_v1.0.1.fa.gz	https://human-pangenomics.s3.amazonaws.com/working/HPRC/HG01530/assemblies/release2/HG01530_hap2_hprc_r2_v1.0.1.fa.gz	False	False
HG01784	IBS	EUR	3202.6	3108.4	True	False	True	True	True	True	False	hap	https://human-pangenomics.s3.amazonaws.com/working/HPRC/HG01784/assemblies/release2/HG01784_hap1_hprc_r2_v1.0.1.fa.gz	https://human-pangenomics.s3.amazonaws.com/working/HPRC/HG01784/assemblies/release2/HG01784_hap2_hprc_r2_v1.0.1.fa.gz	False	False
HG01786	IBS	EUR	2454.6	2456.9	True	False	True	True	True	False	True	hap	https://human-pangenomics.s3.amazonaws.com/working/HPRC/HG01786/assemblies/release2/HG01786_hap1_hprc_r2_v1.0.1.fa.gz	https://human-pangenomics.s3.amazonaws.com/working/HPRC/HG01786/assemblies/release2/HG01786_hap2_hprc_r2_v1.0.1.fa.gz	False	False
HG01884	ACB	AFR	2451.4	2488.2	True	False	True	True	True	True	False	trio	https://human-pangenomics.s3.amazonaws.com/working/HPRC/HG01884/assemblies/release2/HG01884_pat_hprc_r2_v1.0.1.fa.gz	https://human-pangenomics.s3.amazonaws.com/working/HPRC/HG01884/assemblies/release2/HG01884_mat_hprc_r2_v1.0.1.fa.gz	False	False
HG01891	ACB	AFR	2846.9	2841.5	True	True	True	True	True	True	False	trio	https://human-pangenomics.s3.amazonaws.com/working/HPRC/HG01891/assemblies/release2/HG01891_pat_hprc_r2_v1.0.1.fa.gz	https://human-pangenomics.s3.amazonaws.com/working/HPRC/HG01891/assemblies/release2/HG01891_mat_hprc_r2_v1.0.1.fa.gz	False	True
HG01928	PEL	AMR	2779.0	2837.7	True	False	True	True	True	True	False	trio	https://human-pangenomics.s3.amazonaws.com/working/HPRC/HG01928/assemblies/release2/HG01928_pat_hprc_r2_v1.0.1.fa.gz	https://human-pangenomics.s3.amazonaws.com/working/HPRC/HG01928/assemblies/release2/HG01928_mat_hprc_r2_v1.0.1.fa.gz	False	True
HG01934	PEL	AMR	3218.1	3234.6	True	False	True	True	True	True	False	trio	https://human-pangenomics.s3.amazonaws.com/working/HPRC/HG01934/assemblies/release2/HG01934_pat_hprc_r2_v1.0.1.fa.gz	https://human-pangenomics.s3.amazonaws.com/working/HPRC/HG01934/assemblies/release2/HG01934_mat_hprc_r2_v1.0.1.fa.gz	False	False
HG01940	PEL	AMR	3341.5	3391.2	True	False	True	True	True	True	False	trio	https://human-pangenomics.s3.amazonaws.com/working/HPRC/HG01940/assemblies/release2/HG01940_pat_hprc_r2_v1.0.1.fa.gz	https://human-pangenomics.s3.amazonaws.com/working/HPRC/HG01940/assemblies/release2/HG01940_mat_hprc_r2_v1.0.1.fa.gz	False	False
HG01943	PEL	AMR	2695.2	2895.8	True	False	True	True	True	True	False	trio	https://human-pangenomics.s3.amazonaws.com/working/HPRC/HG01943/assemblies/release2/HG01943_pat_hprc_r2_v1.0.1.fa.gz	https://human-pangenomics.s3.amazonaws.com/working/HPRC/HG01943/assemblies/release2/HG01943_mat_hprc_r2_v1.0.1.fa.gz	False	False
HG01952	PEL	AMR	2689.1	2705.0	True	False	True	True	True	True	False	trio	https://human-pangenomics.s3.amazonaws.com/working/HPRC/HG01952/assemblies/release2/HG01952_pat_hprc_r2_v1.0.1.fa.gz	https://human-pangenomics.s3.amazonaws.com/working/HPRC/HG01952/assemblies/release2/HG01952_mat_hprc_r2_v1.0.1.fa.gz	False	False
HG01960	ACB	AFR	2192.6	2205.0	True	False	True	True	True	True	False	trio	https://human-pangenomics.s3.amazonaws.com/working/HPRC/HG01960/assemblies/release2/HG01960_pat_hprc_r2_v1.0.1.fa.gz	https://human-pangenomics.s3.amazonaws.com/working/HPRC/HG01960/assemblies/release2/HG01960_mat_hprc_r2_v1.0.1.fa.gz	False	False
HG01969	PEL	AMR	2707.1	2728.4	True	False	True	True	True	True	False	trio	https://human-pangenomics.s3.amazonaws.com/working/HPRC/HG01969/assemblies/release2/HG01969_pat_hprc_r2_v1.0.1.fa.gz	https://human-pangenomics.s3.amazonaws.com/working/HPRC/HG01969/assemblies/release2/HG01969_mat_hprc_r2_v1.0.1.fa.gz	False	False
HG01975	PEL	AMR	3417.9	3563.6	True	False	True	True	True	True	False	trio	https://human-pangenomics.s3.amazonaws.com/working/HPRC/HG01975/assemblies/release2/HG01975_pat_hprc_r2_v1.0.1.fa.gz	https://human-pangenomics.s3.amazonaws.com/working/HPRC/HG01975/assemblies/release2/HG01975_mat_hprc_r2_v1.0.1.fa.gz	False	False
HG01978	PEL	AMR	2689.6	2684.9	True	False	True	True	True	True	False	trio	https://human-pangenomics.s3.amazonaws.com/working/HPRC/HG01978/assemblies/release2/HG01978_pat_hprc_r2_v1.1.0.fa.gz	https://human-pangenomics.s3.amazonaws.com/working/HPRC/HG01978/assemblies/release2/HG01978_mat_hprc_r2_v1.1.0.fa.gz	False	False
HG01981	PEL	AMR	2832.7	2737.3	True	False	True	True	True	True	False	trio	https://human-pangenomics.s3.amazonaws.com/working/HPRC/HG01981/assemblies/release2/HG01981_pat_hprc_r2_v1.0.1.fa.gz	https://human-pangenomics.s3.amazonaws.com/working/HPRC/HG01981/assemblies/release2/HG01981_mat_hprc_r2_v1.0.1.fa.gz	False	False
HG01993	PEL	AMR	3091.2	3096.6	True	False	True	True	True	True	False	trio	https://human-pangenomics.s3.amazonaws.com/working/HPRC/HG01993/assemblies/release2/HG01993_pat_hprc_r2_v1.0.1.fa.gz	https://human-pangenomics.s3.amazonaws.com/working/HPRC/HG01993/assemblies/release2/HG01993_mat_hprc_r2_v1.0.1.fa.gz	False	False
HG02004	PEL	AMR	2967.6	2972.1	True	False	True	True	True	True	False	trio	https://human-pangenomics.s3.amazonaws.com/working/HPRC/HG02004/assemblies/release2/HG02004_pat_hprc_r2_v1.0.1.fa.gz	https://human-pangenomics.s3.amazonaws.com/working/HPRC/HG02004/assemblies/release2/HG02004_mat_hprc_r2_v1.0.1.fa.gz	False	False
HG02015	KHV	EAS	1530.0	1565.9	False	False	True	True	True	True	False	trio	https://human-pangenomics.s3.amazonaws.com/working/HPRC/HG02015/assemblies/release2/HG02015_pat_hprc_r2_v1.0.1.fa.gz	https://human-pangenomics.s3.amazonaws.com/working/HPRC/HG02015/assemblies/release2/HG02015_mat_hprc_r2_v1.0.1.fa.gz	False	False
HG02027	KHV	EAS	2728.5	2650.3	True	False	True	True	True	True	False	trio	https://human-pangenomics.s3.amazonaws.com/working/HPRC/HG02027/assemblies/release2/HG02027_pat_hprc_r2_v1.0.1.fa.gz	https://human-pangenomics.s3.amazonaws.com/working/HPRC/HG02027/assemblies/release2/HG02027_mat_hprc_r2_v1.0.1.fa.gz	False	False
HG02040	KHV	EAS	3703.3	3773.2	True	False	True	True	True	True	False	hap	https://human-pangenomics.s3.amazonaws.com/working/HPRC/HG02040/assemblies/release2/HG02040_hap1_hprc_r2_v1.0.1.fa.gz	https://human-pangenomics.s3.amazonaws.com/working/HPRC/HG02040/assemblies/release2/HG02040_hap2_hprc_r2_v1.0.1.fa.gz	False	False
HG02055	ACB	AFR	3231.9	3208.2	True	False	True	False	False	False	False	UNRESOLVED			False	False
HG02056	KHV	EAS	2190.6	2174.6	True	False	True	True	True	True	False	trio	https://human-pangenomics.s3.amazonaws.com/working/HPRC/HG02056/assemblies/release2/HG02056_pat_hprc_r2_v1.0.1.fa.gz	https://human-pangenomics.s3.amazonaws.com/working/HPRC/HG02056/assemblies/release2/HG02056_mat_hprc_r2_v1.0.1.fa.gz	False	False
HG02071	KHV	EAS	2670.4	2706.2	True	True	True	True	True	True	False	trio	https://human-pangenomics.s3.amazonaws.com/working/HPRC/HG02071/assemblies/release2/HG02071_pat_hprc_r2_v1.0.1.fa.gz	https://human-pangenomics.s3.amazonaws.com/working/HPRC/HG02071/assemblies/release2/HG02071_mat_hprc_r2_v1.0.1.fa.gz	False	False
HG02074	KHV	EAS	3383.1	3483.1	True	True	True	True	True	True	False	trio	https://human-pangenomics.s3.amazonaws.com/working/HPRC/HG02074/assemblies/release2/HG02074_pat_hprc_r2_v1.0.1.fa.gz	https://human-pangenomics.s3.amazonaws.com/working/HPRC/HG02074/assemblies/release2/HG02074_mat_hprc_r2_v1.0.1.fa.gz	False	False
HG02080	KHV	EAS	3297.4	3302.1	False	False	True	False	False	False	False	UNRESOLVED			False	False
HG02083	KHV	EAS	3392.6	3406.3	True	False	True	True	True	True	False	trio	https://human-pangenomics.s3.amazonaws.com/working/HPRC/HG02083/assemblies/release2/HG02083_pat_hprc_r2_v1.0.1.fa.gz	https://human-pangenomics.s3.amazonaws.com/working/HPRC/HG02083/assemblies/release2/HG02083_mat_hprc_r2_v1.0.1.fa.gz	False	False
HG02109	NA	NA	3219.4	3236.5	False	False	True	False	False	False	False	UNRESOLVED			False	False
HG02129	KHV	EAS	1892.8	1906.3	True	False	True	True	True	True	False	trio	https://human-pangenomics.s3.amazonaws.com/working/HPRC/HG02129/assemblies/release2/HG02129_pat_hprc_r2_v1.0.1.fa.gz	https://human-pangenomics.s3.amazonaws.com/working/HPRC/HG02129/assemblies/release2/HG02129_mat_hprc_r2_v1.0.1.fa.gz	False	False
HG02132	KHV	EAS	3053.7	3078.2	True	True	True	True	True	True	False	trio	https://human-pangenomics.s3.amazonaws.com/working/HPRC/HG02132/assemblies/release2/HG02132_pat_hprc_r2_v1.0.1.fa.gz	https://human-pangenomics.s3.amazonaws.com/working/HPRC/HG02132/assemblies/release2/HG02132_mat_hprc_r2_v1.0.1.fa.gz	False	False
HG02135	KHV	EAS	2810.3	2726.5	True	True	True	True	True	True	False	trio	https://human-pangenomics.s3.amazonaws.com/working/HPRC/HG02135/assemblies/release2/HG02135_pat_hprc_r2_v1.0.1.fa.gz	https://human-pangenomics.s3.amazonaws.com/working/HPRC/HG02135/assemblies/release2/HG02135_mat_hprc_r2_v1.0.1.fa.gz	False	False
HG02145	ACB	AFR	3085.0	3198.5	True	False	True	False	False	False	False	UNRESOLVED			False	False
HG02148	PEL	AMR	2869.4	2827.4	True	False	True	True	True	True	False	trio	https://human-pangenomics.s3.amazonaws.com/working/HPRC/HG02148/assemblies/release2/HG02148_pat_hprc_r2_v1.0.1.fa.gz	https://human-pangenomics.s3.amazonaws.com/working/HPRC/HG02148/assemblies/release2/HG02148_mat_hprc_r2_v1.0.1.fa.gz	False	False
HG02155	CDX	EAS	3455.4	3470.6	True	False	True	True	True	True	False	hap	https://human-pangenomics.s3.amazonaws.com/working/HPRC/HG02155/assemblies/release2/HG02155_hap1_hprc_r2_v1.0.1.fa.gz	https://human-pangenomics.s3.amazonaws.com/working/HPRC/HG02155/assemblies/release2/HG02155_hap2_hprc_r2_v1.0.1.fa.gz	False	False
HG02165	CDX	EAS	3028.1	3041.5	True	False	True	True	True	True	False	hap	https://human-pangenomics.s3.amazonaws.com/working/HPRC/HG02165/assemblies/release2/HG02165_hap1_hprc_r2_v1.0.1.fa.gz	https://human-pangenomics.s3.amazonaws.com/working/HPRC/HG02165/assemblies/release2/HG02165_hap2_hprc_r2_v1.0.1.fa.gz	False	True
HG02178	CDX	EAS	2422.2	2450.2	True	False	True	True	True	False	True	hap	https://human-pangenomics.s3.amazonaws.com/working/HPRC/HG02178/assemblies/release2/HG02178_hap1_hprc_r2_v1.0.1.fa.gz	https://human-pangenomics.s3.amazonaws.com/working/HPRC/HG02178/assemblies/release2/HG02178_hap2_hprc_r2_v1.0.1.fa.gz	False	False
HG02257	ACB	AFR	2032.3	2023.7	True	True	True	True	True	True	False	trio	https://human-pangenomics.s3.amazonaws.com/working/HPRC/HG02257/assemblies/release2/HG02257_pat_hprc_r2_v1.1.0.fa.gz	https://human-pangenomics.s3.amazonaws.com/working/HPRC/HG02257/assemblies/release2/HG02257_mat_hprc_r2_v1.1.0.fa.gz	False	False
HG02258	ACB	AFR	2263.8	2329.1	True	False	True	True	True	True	False	trio	https://human-pangenomics.s3.amazonaws.com/working/HPRC/HG02258/assemblies/release2/HG02258_pat_hprc_r2_v1.0.1.fa.gz	https://human-pangenomics.s3.amazonaws.com/working/HPRC/HG02258/assemblies/release2/HG02258_mat_hprc_r2_v1.0.1.fa.gz	False	False
HG02273	PEL	AMR	3152.6	3115.2	True	False	True	True	True	True	False	hap	https://human-pangenomics.s3.amazonaws.com/working/HPRC/HG02273/assemblies/release2/HG02273_hap1_hprc_r2_v1.0.1.fa.gz	https://human-pangenomics.s3.amazonaws.com/working/HPRC/HG02273/assemblies/release2/HG02273_hap2_hprc_r2_v1.0.1.fa.gz	False	False
HG02280	ACB	AFR	3005.4	3060.0	True	False	True	True	True	True	False	trio	https://human-pangenomics.s3.amazonaws.com/working/HPRC/HG02280/assemblies/release2/HG02280_pat_hprc_r2_v1.0.1.fa.gz	https://human-pangenomics.s3.amazonaws.com/working/HPRC/HG02280/assemblies/release2/HG02280_mat_hprc_r2_v1.0.1.fa.gz	False	False
HG02293	PEL	AMR	2888.9	2903.9	True	False	True	True	True	True	False	trio	https://human-pangenomics.s3.amazonaws.com/working/HPRC/HG02293/assemblies/release2/HG02293_pat_hprc_r2_v1.0.1.fa.gz	https://human-pangenomics.s3.amazonaws.com/working/HPRC/HG02293/assemblies/release2/HG02293_mat_hprc_r2_v1.0.1.fa.gz	False	False
HG02300	PEL	AMR	2831.9	2788.7	True	False	True	True	True	True	False	trio	https://human-pangenomics.s3.amazonaws.com/working/HPRC/HG02300/assemblies/release2/HG02300_pat_hprc_r2_v1.0.1.fa.gz	https://human-pangenomics.s3.amazonaws.com/working/HPRC/HG02300/assemblies/release2/HG02300_mat_hprc_r2_v1.0.1.fa.gz	False	False
HG02391	CDX	EAS	2338.3	2409.6	True	False	True	True	True	True	False	hap	https://human-pangenomics.s3.amazonaws.com/working/HPRC/HG02391/assemblies/release2/HG02391_hap1_hprc_r2_v1.0.1.fa.gz	https://human-pangenomics.s3.amazonaws.com/working/HPRC/HG02391/assemblies/release2/HG02391_hap2_hprc_r2_v1.0.1.fa.gz	False	False
HG02392	CDX	EAS	3142.6	3236.7	True	False	True	True	True	False	True	hap	https://human-pangenomics.s3.amazonaws.com/working/HPRC/HG02392/assemblies/release2/HG02392_hap1_hprc_r2_v1.0.1.fa.gz	https://human-pangenomics.s3.amazonaws.com/working/HPRC/HG02392/assemblies/release2/HG02392_hap2_hprc_r2_v1.0.1.fa.gz	True	True
HG02451	ACB	AFR	2369.7	2333.4	True	False	True	True	True	True	False	trio	https://human-pangenomics.s3.amazonaws.com/working/HPRC/HG02451/assemblies/release2/HG02451_pat_hprc_r2_v1.0.1.fa.gz	https://human-pangenomics.s3.amazonaws.com/working/HPRC/HG02451/assemblies/release2/HG02451_mat_hprc_r2_v1.0.1.fa.gz	False	False
HG02486	NA	NA	2774.1	2890.9	True	True	True	False	True	True	False	trio	https://human-pangenomics.s3.amazonaws.com/working/HPRC/HG02486/assemblies/release2/HG02486_pat_hprc_r2_v1.0.1.fa.gz	https://human-pangenomics.s3.amazonaws.com/working/HPRC/HG02486/assemblies/release2/HG02486_mat_hprc_r2_v1.0.1.fa.gz	False	False
HG02514	KHV	EAS	3058.5	3093.1	True	False	True	True	True	True	False	trio	https://human-pangenomics.s3.amazonaws.com/working/HPRC/HG02514/assemblies/release2/HG02514_pat_hprc_r2_v1.0.1.fa.gz	https://human-pangenomics.s3.amazonaws.com/working/HPRC/HG02514/assemblies/release2/HG02514_mat_hprc_r2_v1.0.1.fa.gz	False	False
HG02523	KHV	EAS	3661.3	3704.0	True	False	True	True	True	True	False	trio	https://human-pangenomics.s3.amazonaws.com/working/HPRC/HG02523/assemblies/release2/HG02523_pat_hprc_r2_v1.0.1.fa.gz	https://human-pangenomics.s3.amazonaws.com/working/HPRC/HG02523/assemblies/release2/HG02523_mat_hprc_r2_v1.0.1.fa.gz	False	False
HG02559	NA	NA	2776.4	2812.9	True	True	True	False	True	True	False	trio	https://human-pangenomics.s3.amazonaws.com/working/HPRC/HG02559/assemblies/release2/HG02559_pat_hprc_r2_v1.0.1.fa.gz	https://human-pangenomics.s3.amazonaws.com/working/HPRC/HG02559/assemblies/release2/HG02559_mat_hprc_r2_v1.0.1.fa.gz	False	False
HG02572	GWD	AFR	2881.5	2988.8	True	True	True	True	True	True	False	trio	https://human-pangenomics.s3.amazonaws.com/working/HPRC/HG02572/assemblies/release2/HG02572_pat_hprc_r2_v1.0.1.fa.gz	https://human-pangenomics.s3.amazonaws.com/working/HPRC/HG02572/assemblies/release2/HG02572_mat_hprc_r2_v1.0.1.fa.gz	False	True
HG02583	GWD	AFR	3358.9	3298.8	False	False	True	True	True	False	True	hap	https://human-pangenomics.s3.amazonaws.com/working/HPRC/HG02583/assemblies/release2/HG02583_hap1_hprc_r2_v1.0.1.fa.gz	https://human-pangenomics.s3.amazonaws.com/working/HPRC/HG02583/assemblies/release2/HG02583_hap2_hprc_r2_v1.0.1.fa.gz	False	False
HG02602	PJL	SAS	2923.5	2864.2	True	False	True	True	True	True	False	trio	https://human-pangenomics.s3.amazonaws.com/working/HPRC/HG02602/assemblies/release2/HG02602_pat_hprc_r2_v1.0.1.fa.gz	https://human-pangenomics.s3.amazonaws.com/working/HPRC/HG02602/assemblies/release2/HG02602_mat_hprc_r2_v1.0.1.fa.gz	False	False
HG02615	GWD	AFR	3208.7	3163.5	True	False	True	True	True	True	False	trio	https://human-pangenomics.s3.amazonaws.com/working/HPRC/HG02615/assemblies/release2/HG02615_pat_hprc_r2_v1.0.1.fa.gz	https://human-pangenomics.s3.amazonaws.com/working/HPRC/HG02615/assemblies/release2/HG02615_mat_hprc_r2_v1.0.1.fa.gz	False	False
HG02630	GWD	AFR	3351.6	3267.9	True	False	True	True	True	True	False	trio	https://human-pangenomics.s3.amazonaws.com/working/HPRC/HG02630/assemblies/release2/HG02630_pat_hprc_r2_v1.0.1.fa.gz	https://human-pangenomics.s3.amazonaws.com/working/HPRC/HG02630/assemblies/release2/HG02630_mat_hprc_r2_v1.0.1.fa.gz	False	False
HG02647	GWD	AFR	2411.6	2430.1	True	False	True	True	True	True	False	trio	https://human-pangenomics.s3.amazonaws.com/working/HPRC/HG02647/assemblies/release2/HG02647_pat_hprc_r2_v1.0.1.fa.gz	https://human-pangenomics.s3.amazonaws.com/working/HPRC/HG02647/assemblies/release2/HG02647_mat_hprc_r2_v1.0.1.fa.gz	False	False
HG02668	GWD	AFR	2522.4	2521.7	True	False	True	True	True	True	False	trio	https://human-pangenomics.s3.amazonaws.com/working/HPRC/HG02668/assemblies/release2/HG02668_pat_hprc_r2_v1.0.1.fa.gz	https://human-pangenomics.s3.amazonaws.com/working/HPRC/HG02668/assemblies/release2/HG02668_mat_hprc_r2_v1.0.1.fa.gz	False	False
HG02698	PJL	SAS	2880.1	2928.8	True	False	True	True	True	True	False	trio	https://human-pangenomics.s3.amazonaws.com/working/HPRC/HG02698/assemblies/release2/HG02698_pat_hprc_r2_v1.0.1.fa.gz	https://human-pangenomics.s3.amazonaws.com/working/HPRC/HG02698/assemblies/release2/HG02698_mat_hprc_r2_v1.0.1.fa.gz	False	False
HG02717	GWD	AFR	2872.4	2984.3	True	True	True	True	True	True	False	trio	https://human-pangenomics.s3.amazonaws.com/working/HPRC/HG02717/assemblies/release2/HG02717_pat_hprc_r2_v1.0.1.fa.gz	https://human-pangenomics.s3.amazonaws.com/working/HPRC/HG02717/assemblies/release2/HG02717_mat_hprc_r2_v1.0.1.fa.gz	False	False
HG02723	GWD	AFR	4057.0	4064.3	True	False	True	False	False	False	False	UNRESOLVED			False	False
HG02735	PJL	SAS	2598.8	2656.9	True	False	True	True	True	True	False	trio	https://human-pangenomics.s3.amazonaws.com/working/HPRC/HG02735/assemblies/release2/HG02735_pat_hprc_r2_v1.0.1.fa.gz	https://human-pangenomics.s3.amazonaws.com/working/HPRC/HG02735/assemblies/release2/HG02735_mat_hprc_r2_v1.0.1.fa.gz	False	False
HG02738	PJL	SAS	2600.4	2719.2	True	False	True	True	True	True	False	trio	https://human-pangenomics.s3.amazonaws.com/working/HPRC/HG02738/assemblies/release2/HG02738_pat_hprc_r2_v1.0.1.fa.gz	https://human-pangenomics.s3.amazonaws.com/working/HPRC/HG02738/assemblies/release2/HG02738_mat_hprc_r2_v1.0.1.fa.gz	False	False
HG02809	GWD	AFR	2957.4	2993.4	True	False	True	True	True	True	False	trio	https://human-pangenomics.s3.amazonaws.com/working/HPRC/HG02809/assemblies/release2/HG02809_pat_hprc_r2_v1.0.1.fa.gz	https://human-pangenomics.s3.amazonaws.com/working/HPRC/HG02809/assemblies/release2/HG02809_mat_hprc_r2_v1.0.1.fa.gz	False	False
HG02818	GWD	AFR	2647.4	2697.4	True	False	False	False	False	False	False	UNRESOLVED			False	False
HG02841	GWD	AFR	2797.1	2809.8	True	False	True	True	True	True	False	trio	https://human-pangenomics.s3.amazonaws.com/working/HPRC/HG02841/assemblies/release2/HG02841_pat_hprc_r2_v1.0.1.fa.gz	https://human-pangenomics.s3.amazonaws.com/working/HPRC/HG02841/assemblies/release2/HG02841_mat_hprc_r2_v1.0.1.fa.gz	False	False
HG02886	GWD	AFR	3074.6	3082.2	True	True	True	True	True	True	False	trio	https://human-pangenomics.s3.amazonaws.com/working/HPRC/HG02886/assemblies/release2/HG02886_pat_hprc_r2_v1.0.1.fa.gz	https://human-pangenomics.s3.amazonaws.com/working/HPRC/HG02886/assemblies/release2/HG02886_mat_hprc_r2_v1.0.1.fa.gz	False	False
HG02922	ESN	AFR	2974.1	2924.2	True	False	True	True	True	True	False	hap	https://human-pangenomics.s3.amazonaws.com/working/HPRC/HG02922/assemblies/release2/HG02922_hap1_hprc_r2_v1.0.1.fa.gz	https://human-pangenomics.s3.amazonaws.com/working/HPRC/HG02922/assemblies/release2/HG02922_hap2_hprc_r2_v1.0.1.fa.gz	False	False
HG02965	ESN	AFR	3054.6	3177.8	True	False	True	True	True	True	False	hap	https://human-pangenomics.s3.amazonaws.com/working/HPRC/HG02965/assemblies/release2/HG02965_hap1_hprc_r2_v1.0.1.fa.gz	https://human-pangenomics.s3.amazonaws.com/working/HPRC/HG02965/assemblies/release2/HG02965_hap2_hprc_r2_v1.0.1.fa.gz	False	False
HG02976	ESN	AFR	3024.6	3072.0	True	False	True	True	True	True	False	hap	https://human-pangenomics.s3.amazonaws.com/working/HPRC/HG02976/assemblies/release2/HG02976_hap1_hprc_r2_v1.0.1.fa.gz	https://human-pangenomics.s3.amazonaws.com/working/HPRC/HG02976/assemblies/release2/HG02976_hap2_hprc_r2_v1.0.1.fa.gz	False	False
HG02984	GWD	AFR	2946.9	3105.1	True	False	True	True	True	True	False	trio	https://human-pangenomics.s3.amazonaws.com/working/HPRC/HG02984/assemblies/release2/HG02984_pat_hprc_r2_v1.0.1.fa.gz	https://human-pangenomics.s3.amazonaws.com/working/HPRC/HG02984/assemblies/release2/HG02984_mat_hprc_r2_v1.0.1.fa.gz	False	False
HG03017	PJL	SAS	3667.1	3692.2	True	False	True	True	True	True	False	trio	https://human-pangenomics.s3.amazonaws.com/working/HPRC/HG03017/assemblies/release2/HG03017_pat_hprc_r2_v1.0.1.fa.gz	https://human-pangenomics.s3.amazonaws.com/working/HPRC/HG03017/assemblies/release2/HG03017_mat_hprc_r2_v1.0.1.fa.gz	False	False
HG03041	GWD	AFR	2818.5	2844.6	True	False	True	True	True	True	False	trio	https://human-pangenomics.s3.amazonaws.com/working/HPRC/HG03041/assemblies/release2/HG03041_pat_hprc_r2_v1.0.1.fa.gz	https://human-pangenomics.s3.amazonaws.com/working/HPRC/HG03041/assemblies/release2/HG03041_mat_hprc_r2_v1.0.1.fa.gz	False	False
HG03050	GWD	AFR	2849.2	2963.9	True	False	True	True	True	True	False	trio	https://human-pangenomics.s3.amazonaws.com/working/HPRC/HG03050/assemblies/release2/HG03050_pat_hprc_r2_v1.0.1.fa.gz	https://human-pangenomics.s3.amazonaws.com/working/HPRC/HG03050/assemblies/release2/HG03050_mat_hprc_r2_v1.0.1.fa.gz	False	False
HG03098	MSL	AFR	3387.8	3425.4	True	False	True	False	False	False	False	UNRESOLVED			False	False
HG03130	ESN	AFR	2781.6	2861.2	True	False	True	True	True	True	False	hap	https://human-pangenomics.s3.amazonaws.com/working/HPRC/HG03130/assemblies/release2/HG03130_hap1_hprc_r2_v1.0.1.fa.gz	https://human-pangenomics.s3.amazonaws.com/working/HPRC/HG03130/assemblies/release2/HG03130_hap2_hprc_r2_v1.0.1.fa.gz	False	False
HG03139	ESN	AFR	2709.9	2797.5	True	False	True	True	True	True	False	hap	https://human-pangenomics.s3.amazonaws.com/working/HPRC/HG03139/assemblies/release2/HG03139_hap1_hprc_r2_v1.0.1.fa.gz	https://human-pangenomics.s3.amazonaws.com/working/HPRC/HG03139/assemblies/release2/HG03139_hap2_hprc_r2_v1.0.1.fa.gz	False	False
HG03195	ESN	AFR	2268.1	2286.2	True	False	True	True	True	True	False	hap	https://human-pangenomics.s3.amazonaws.com/working/HPRC/HG03195/assemblies/release2/HG03195_hap1_hprc_r2_v1.0.1.fa.gz	https://human-pangenomics.s3.amazonaws.com/working/HPRC/HG03195/assemblies/release2/HG03195_hap2_hprc_r2_v1.0.1.fa.gz	False	False
HG03209	MSL	AFR	3362.6	3443.7	True	False	True	True	True	True	False	hap	https://human-pangenomics.s3.amazonaws.com/working/HPRC/HG03209/assemblies/release2/HG03209_hap1_hprc_r2_v1.0.1.fa.gz	https://human-pangenomics.s3.amazonaws.com/working/HPRC/HG03209/assemblies/release2/HG03209_hap2_hprc_r2_v1.0.1.fa.gz	False	False
HG03225	MSL	AFR	3034.2	3098.8	True	False	True	True	True	True	False	hap	https://human-pangenomics.s3.amazonaws.com/working/HPRC/HG03225/assemblies/release2/HG03225_hap1_hprc_r2_v1.0.1.fa.gz	https://human-pangenomics.s3.amazonaws.com/working/HPRC/HG03225/assemblies/release2/HG03225_hap2_hprc_r2_v1.0.1.fa.gz	False	False
HG03239	PJL	SAS	2999.5	2969.9	True	False	True	True	True	True	False	trio	https://human-pangenomics.s3.amazonaws.com/working/HPRC/HG03239/assemblies/release2/HG03239_pat_hprc_r2_v1.0.1.fa.gz	https://human-pangenomics.s3.amazonaws.com/working/HPRC/HG03239/assemblies/release2/HG03239_mat_hprc_r2_v1.0.1.fa.gz	False	False
HG03270	ESN	AFR	2895.5	2893.1	True	False	True	True	True	False	True	hap	https://human-pangenomics.s3.amazonaws.com/working/HPRC/HG03270/assemblies/release2/HG03270_hap1_hprc_r2_v1.0.1.fa.gz	https://human-pangenomics.s3.amazonaws.com/working/HPRC/HG03270/assemblies/release2/HG03270_hap2_hprc_r2_v1.0.1.fa.gz	False	False
HG03369	ESN	AFR	2535.4	2469.6	True	False	True	True	True	False	True	hap	https://human-pangenomics.s3.amazonaws.com/working/HPRC/HG03369/assemblies/release2/HG03369_hap1_hprc_r2_v1.0.1.fa.gz	https://human-pangenomics.s3.amazonaws.com/working/HPRC/HG03369/assemblies/release2/HG03369_hap2_hprc_r2_v1.0.1.fa.gz	False	False
HG03453	MSL	AFR	2911.8	2907.4	True	False	True	True	True	True	False	trio	https://human-pangenomics.s3.amazonaws.com/working/HPRC/HG03453/assemblies/release2/HG03453_pat_hprc_r2_v1.0.1.fa.gz	https://human-pangenomics.s3.amazonaws.com/working/HPRC/HG03453/assemblies/release2/HG03453_mat_hprc_r2_v1.0.1.fa.gz	False	True
HG03470	MSL	AFR	3194.0	3152.8	True	False	True	True	True	True	False	hap	https://human-pangenomics.s3.amazonaws.com/working/HPRC/HG03470/assemblies/release2/HG03470_hap1_hprc_r2_v1.0.1.fa.gz	https://human-pangenomics.s3.amazonaws.com/working/HPRC/HG03470/assemblies/release2/HG03470_hap2_hprc_r2_v1.0.1.fa.gz	False	False
HG03471	NA	NA	3169.6	3189.7	True	False	True	False	True	True	False	hap	https://human-pangenomics.s3.amazonaws.com/working/HPRC/HG03471/assemblies/release2/HG03471_hap1_hprc_r2_v1.0.1.fa.gz	https://human-pangenomics.s3.amazonaws.com/working/HPRC/HG03471/assemblies/release2/HG03471_hap2_hprc_r2_v1.0.1.fa.gz	False	False
HG03486	MSL	AFR	2113.5	2100.9	True	False	False	False	False	False	False	UNRESOLVED			False	False
HG03516	ESN	AFR	3152.3	3071.5	True	True	True	True	True	True	False	trio	https://human-pangenomics.s3.amazonaws.com/working/HPRC/HG03516/assemblies/release2/HG03516_pat_hprc_r2_v1.1.0.fa.gz	https://human-pangenomics.s3.amazonaws.com/working/HPRC/HG03516/assemblies/release2/HG03516_mat_hprc_r2_v1.1.0.fa.gz	False	False
HG03521	ESN	AFR	2536.0	2727.5	True	False	True	True	True	False	True	hap	https://human-pangenomics.s3.amazonaws.com/working/HPRC/HG03521/assemblies/release2/HG03521_hap1_hprc_r2_v1.0.1.fa.gz	https://human-pangenomics.s3.amazonaws.com/working/HPRC/HG03521/assemblies/release2/HG03521_hap2_hprc_r2_v1.0.1.fa.gz	False	False
HG03540	GWD	AFR	3185.4	3215.1	True	False	True	True	True	True	False	trio	https://human-pangenomics.s3.amazonaws.com/working/HPRC/HG03540/assemblies/release2/HG03540_pat_hprc_r2_v1.0.1.fa.gz	https://human-pangenomics.s3.amazonaws.com/working/HPRC/HG03540/assemblies/release2/HG03540_mat_hprc_r2_v1.0.1.fa.gz	False	False
HG03579	MSL	AFR	2896.0	2988.6	True	False	True	True	True	True	False	trio	https://human-pangenomics.s3.amazonaws.com/working/HPRC/HG03579/assemblies/release2/HG03579_pat_hprc_r2_v1.0.1.fa.gz	https://human-pangenomics.s3.amazonaws.com/working/HPRC/HG03579/assemblies/release2/HG03579_mat_hprc_r2_v1.0.1.fa.gz	False	False
HG03583	MSL	AFR	1824.3	1849.1	True	False	True	True	True	False	True	hap	https://human-pangenomics.s3.amazonaws.com/working/HPRC/HG03583/assemblies/release2/HG03583_hap1_hprc_r2_v1.0.1.fa.gz	https://human-pangenomics.s3.amazonaws.com/working/HPRC/HG03583/assemblies/release2/HG03583_hap2_hprc_r2_v1.0.1.fa.gz	False	False
HG03654	PJL	SAS	2764.8	2882.0	True	False	True	True	True	True	False	trio	https://human-pangenomics.s3.amazonaws.com/working/HPRC/HG03654/assemblies/release2/HG03654_pat_hprc_r2_v1.0.1.fa.gz	https://human-pangenomics.s3.amazonaws.com/working/HPRC/HG03654/assemblies/release2/HG03654_mat_hprc_r2_v1.0.1.fa.gz	False	False
HG03669	PJL	SAS	2921.6	2887.1	True	False	True	True	True	True	False	trio	https://human-pangenomics.s3.amazonaws.com/working/HPRC/HG03669/assemblies/release2/HG03669_pat_hprc_r2_v1.0.1.fa.gz	https://human-pangenomics.s3.amazonaws.com/working/HPRC/HG03669/assemblies/release2/HG03669_mat_hprc_r2_v1.0.1.fa.gz	False	False
HG03688	STU	SAS	3416.9	3468.9	True	False	True	True	True	True	False	trio	https://human-pangenomics.s3.amazonaws.com/working/HPRC/HG03688/assemblies/release2/HG03688_pat_hprc_r2_v1.0.1.fa.gz	https://human-pangenomics.s3.amazonaws.com/working/HPRC/HG03688/assemblies/release2/HG03688_mat_hprc_r2_v1.0.1.fa.gz	False	False
HG03704	PJL	SAS	3320.5	3254.8	True	False	True	True	True	True	False	trio	https://human-pangenomics.s3.amazonaws.com/working/HPRC/HG03704/assemblies/release2/HG03704_pat_hprc_r2_v1.0.1.fa.gz	https://human-pangenomics.s3.amazonaws.com/working/HPRC/HG03704/assemblies/release2/HG03704_mat_hprc_r2_v1.0.1.fa.gz	False	False
HG03710	PJL	SAS	3000.3	3080.9	True	False	True	True	True	True	False	trio	https://human-pangenomics.s3.amazonaws.com/working/HPRC/HG03710/assemblies/release2/HG03710_pat_hprc_r2_v1.0.1.fa.gz	https://human-pangenomics.s3.amazonaws.com/working/HPRC/HG03710/assemblies/release2/HG03710_mat_hprc_r2_v1.0.1.fa.gz	False	False
HG03742	ITU	SAS	2784.4	2896.5	True	False	True	True	True	True	False	hap	https://human-pangenomics.s3.amazonaws.com/working/HPRC/HG03742/assemblies/release2/HG03742_hap1_hprc_r2_v1.0.1.fa.gz	https://human-pangenomics.s3.amazonaws.com/working/HPRC/HG03742/assemblies/release2/HG03742_hap2_hprc_r2_v1.0.1.fa.gz	False	True
HG03784	ITU	SAS	2511.9	2500.3	True	False	True	True	True	False	True	hap	https://human-pangenomics.s3.amazonaws.com/working/HPRC/HG03784/assemblies/release2/HG03784_hap1_hprc_r2_v1.0.1.fa.gz	https://human-pangenomics.s3.amazonaws.com/working/HPRC/HG03784/assemblies/release2/HG03784_hap2_hprc_r2_v1.0.1.fa.gz	True	True
HG03804	BEB	SAS	2928.3	2998.2	True	True	True	True	True	True	False	trio	https://human-pangenomics.s3.amazonaws.com/working/HPRC/HG03804/assemblies/release2/HG03804_pat_hprc_r2_v1.0.1.fa.gz	https://human-pangenomics.s3.amazonaws.com/working/HPRC/HG03804/assemblies/release2/HG03804_mat_hprc_r2_v1.0.1.fa.gz	False	False
HG03816	BEB	SAS	3677.2	3680.1	True	False	True	True	True	True	False	trio	https://human-pangenomics.s3.amazonaws.com/working/HPRC/HG03816/assemblies/release2/HG03816_pat_hprc_r2_v1.0.1.fa.gz	https://human-pangenomics.s3.amazonaws.com/working/HPRC/HG03816/assemblies/release2/HG03816_mat_hprc_r2_v1.0.1.fa.gz	False	False
HG03831	BEB	SAS	3677.5	3728.3	True	False	True	True	True	True	False	trio	https://human-pangenomics.s3.amazonaws.com/working/HPRC/HG03831/assemblies/release2/HG03831_pat_hprc_r2_v1.0.1.fa.gz	https://human-pangenomics.s3.amazonaws.com/working/HPRC/HG03831/assemblies/release2/HG03831_mat_hprc_r2_v1.0.1.fa.gz	False	False
HG03834	BEB	SAS	2299.4	2303.2	True	False	True	True	True	True	False	trio	https://human-pangenomics.s3.amazonaws.com/working/HPRC/HG03834/assemblies/release2/HG03834_pat_hprc_r2_v1.0.1.fa.gz	https://human-pangenomics.s3.amazonaws.com/working/HPRC/HG03834/assemblies/release2/HG03834_mat_hprc_r2_v1.0.1.fa.gz	False	False
HG03874	ITU	SAS	2682.4	2718.1	True	False	True	True	True	False	True	hap	https://human-pangenomics.s3.amazonaws.com/working/HPRC/HG03874/assemblies/release2/HG03874_hap1_hprc_r2_v1.0.1.fa.gz	https://human-pangenomics.s3.amazonaws.com/working/HPRC/HG03874/assemblies/release2/HG03874_hap2_hprc_r2_v1.0.1.fa.gz	False	False
HG03927	BEB	SAS	2941.6	2907.5	True	False	True	True	True	True	False	trio	https://human-pangenomics.s3.amazonaws.com/working/HPRC/HG03927/assemblies/release2/HG03927_pat_hprc_r2_v1.0.1.fa.gz	https://human-pangenomics.s3.amazonaws.com/working/HPRC/HG03927/assemblies/release2/HG03927_mat_hprc_r2_v1.0.1.fa.gz	False	False
HG03942	BEB	SAS	2513.1	2573.2	True	True	True	True	True	True	False	trio	https://human-pangenomics.s3.amazonaws.com/working/HPRC/HG03942/assemblies/release2/HG03942_pat_hprc_r2_v1.0.1.fa.gz	https://human-pangenomics.s3.amazonaws.com/working/HPRC/HG03942/assemblies/release2/HG03942_mat_hprc_r2_v1.0.1.fa.gz	False	False
HG04115	STU	SAS	2621.6	2719.5	True	False	True	True	True	True	False	trio	https://human-pangenomics.s3.amazonaws.com/working/HPRC/HG04115/assemblies/release2/HG04115_pat_hprc_r2_v1.0.1.fa.gz	https://human-pangenomics.s3.amazonaws.com/working/HPRC/HG04115/assemblies/release2/HG04115_mat_hprc_r2_v1.0.1.fa.gz	False	False
HG04157	BEB	SAS	2885.2	2882.1	True	False	True	True	True	True	False	trio	https://human-pangenomics.s3.amazonaws.com/working/HPRC/HG04157/assemblies/release2/HG04157_pat_hprc_r2_v1.0.1.fa.gz	https://human-pangenomics.s3.amazonaws.com/working/HPRC/HG04157/assemblies/release2/HG04157_mat_hprc_r2_v1.0.1.fa.gz	False	False
HG04160	BEB	SAS	3410.2	3322.6	True	True	True	True	True	True	False	trio	https://human-pangenomics.s3.amazonaws.com/working/HPRC/HG04160/assemblies/release2/HG04160_pat_hprc_r2_v1.0.1.fa.gz	https://human-pangenomics.s3.amazonaws.com/working/HPRC/HG04160/assemblies/release2/HG04160_mat_hprc_r2_v1.0.1.fa.gz	False	False
HG04184	BEB	SAS	2253.9	2246.0	True	False	True	True	True	True	False	trio	https://human-pangenomics.s3.amazonaws.com/working/HPRC/HG04184/assemblies/release2/HG04184_pat_hprc_r2_v1.0.1.fa.gz	https://human-pangenomics.s3.amazonaws.com/working/HPRC/HG04184/assemblies/release2/HG04184_mat_hprc_r2_v1.0.1.fa.gz	False	False
HG04187	BEB	SAS	2198.9	2260.9	False	True	True	True	True	True	False	trio	https://human-pangenomics.s3.amazonaws.com/working/HPRC/HG04187/assemblies/release2/HG04187_pat_hprc_r2_v1.0.1.fa.gz	https://human-pangenomics.s3.amazonaws.com/working/HPRC/HG04187/assemblies/release2/HG04187_mat_hprc_r2_v1.0.1.fa.gz	False	False
HG04199	STU	SAS	2818.6	2910.0	True	False	True	True	True	True	False	trio	https://human-pangenomics.s3.amazonaws.com/working/HPRC/HG04199/assemblies/release2/HG04199_pat_hprc_r2_v1.0.1.fa.gz	https://human-pangenomics.s3.amazonaws.com/working/HPRC/HG04199/assemblies/release2/HG04199_mat_hprc_r2_v1.0.1.fa.gz	False	False
HG04204	STU	SAS	2786.9	2823.0	True	False	True	True	True	True	False	trio	https://human-pangenomics.s3.amazonaws.com/working/HPRC/HG04204/assemblies/release2/HG04204_pat_hprc_r2_v1.0.1.fa.gz	https://human-pangenomics.s3.amazonaws.com/working/HPRC/HG04204/assemblies/release2/HG04204_mat_hprc_r2_v1.0.1.fa.gz	False	False
HG04228	STU	SAS	3349.9	3375.6	True	False	True	True	True	True	False	trio	https://human-pangenomics.s3.amazonaws.com/working/HPRC/HG04228/assemblies/release2/HG04228_pat_hprc_r2_v1.0.1.fa.gz	https://human-pangenomics.s3.amazonaws.com/working/HPRC/HG04228/assemblies/release2/HG04228_mat_hprc_r2_v1.0.1.fa.gz	False	False
HG06807	NA	NA	3212.0	3178.8	False	False	False	False	False	False	False	UNRESOLVED			False	False
NA18505	YRI	AFR	3199.1	3174.2	True	False	True	True	True	False	True	hap	https://human-pangenomics.s3.amazonaws.com/working/HPRC/NA18505/assemblies/release2/NA18505_hap1_hprc_r2_v1.0.1.fa.gz	https://human-pangenomics.s3.amazonaws.com/working/HPRC/NA18505/assemblies/release2/NA18505_hap2_hprc_r2_v1.0.1.fa.gz	False	False
NA18508	YRI	AFR	3564.3	3527.7	True	False	True	True	True	False	True	hap	https://human-pangenomics.s3.amazonaws.com/working/HPRC/NA18508/assemblies/release2/NA18508_hap1_hprc_r2_v1.0.1.fa.gz	https://human-pangenomics.s3.amazonaws.com/working/HPRC/NA18508/assemblies/release2/NA18508_hap2_hprc_r2_v1.0.1.fa.gz	True	True
NA18522	YRI	AFR	3277.3	3303.0	True	False	True	True	True	True	False	hap	https://human-pangenomics.s3.amazonaws.com/working/HPRC/NA18522/assemblies/release2/NA18522_hap1_hprc_r2_v1.0.1.fa.gz	https://human-pangenomics.s3.amazonaws.com/working/HPRC/NA18522/assemblies/release2/NA18522_hap2_hprc_r2_v1.0.1.fa.gz	False	False
NA18565	CHB	EAS	2588.5	2514.5	True	False	True	True	True	False	True	hap	https://human-pangenomics.s3.amazonaws.com/working/HPRC/NA18565/assemblies/release2/NA18565_hap1_hprc_r2_v1.0.1.fa.gz	https://human-pangenomics.s3.amazonaws.com/working/HPRC/NA18565/assemblies/release2/NA18565_hap2_hprc_r2_v1.0.1.fa.gz	False	False
NA18570	CHB	EAS	3087.3	3131.8	True	False	True	True	True	True	False	hap	https://human-pangenomics.s3.amazonaws.com/working/HPRC/NA18570/assemblies/release2/NA18570_hap1_hprc_r2_v1.0.1.fa.gz	https://human-pangenomics.s3.amazonaws.com/working/HPRC/NA18570/assemblies/release2/NA18570_hap2_hprc_r2_v1.0.1.fa.gz	False	False
NA18608	CHB	EAS	3289.9	3340.1	True	False	True	True	True	False	True	hap	https://human-pangenomics.s3.amazonaws.com/working/HPRC/NA18608/assemblies/release2/NA18608_hap1_hprc_r2_v1.0.1.fa.gz	https://human-pangenomics.s3.amazonaws.com/working/HPRC/NA18608/assemblies/release2/NA18608_hap2_hprc_r2_v1.0.1.fa.gz	False	False
NA18620	CHB	EAS	3236.1	3242.1	True	False	True	True	True	False	True	hap	https://human-pangenomics.s3.amazonaws.com/working/HPRC/NA18620/assemblies/release2/NA18620_hap1_hprc_r2_v1.0.1.fa.gz	https://human-pangenomics.s3.amazonaws.com/working/HPRC/NA18620/assemblies/release2/NA18620_hap2_hprc_r2_v1.0.1.fa.gz	True	True
NA18747	CHB	EAS	3535.7	3581.0	True	False	True	True	True	True	False	hap	https://human-pangenomics.s3.amazonaws.com/working/HPRC/NA18747/assemblies/release2/NA18747_hap1_hprc_r2_v1.0.1.fa.gz	https://human-pangenomics.s3.amazonaws.com/working/HPRC/NA18747/assemblies/release2/NA18747_hap2_hprc_r2_v1.0.1.fa.gz	False	False
NA18879	YRI	AFR	2196.4	2196.5	True	False	True	True	True	False	True	hap	https://human-pangenomics.s3.amazonaws.com/working/HPRC/NA18879/assemblies/release2/NA18879_hap1_hprc_r2_v1.0.1.fa.gz	https://human-pangenomics.s3.amazonaws.com/working/HPRC/NA18879/assemblies/release2/NA18879_hap2_hprc_r2_v1.0.1.fa.gz	False	False
NA18906	YRI	AFR	2627.0	2593.9	True	False	False	False	False	False	False	UNRESOLVED			False	False
NA18940	JPT	EAS	3019.2	3074.5	True	False	False	False	False	False	False	UNRESOLVED			False	False
NA18943	JPT	EAS	2700.6	2780.5	True	False	False	False	False	False	False	UNRESOLVED			False	False
NA18944	JPT	EAS	3399.4	3507.1	True	False	False	False	False	False	False	UNRESOLVED			False	False
NA18945	JPT	EAS	2709.4	2737.8	True	False	False	False	False	False	False	UNRESOLVED			False	False
NA18948	JPT	EAS	2725.0	2816.8	True	False	False	False	False	False	False	UNRESOLVED			False	False
NA18952	JPT	EAS	3221.8	3237.2	True	False	True	True	True	False	True	hap	https://human-pangenomics.s3.amazonaws.com/working/HPRC/NA18952/assemblies/release2/NA18952_hap1_hprc_r2_v1.0.1.fa.gz	https://human-pangenomics.s3.amazonaws.com/working/HPRC/NA18952/assemblies/release2/NA18952_hap2_hprc_r2_v1.0.1.fa.gz	False	False
NA18959	JPT	EAS	3020.1	3160.9	False	False	False	False	False	False	False	UNRESOLVED			True	True
NA18960	JPT	EAS	3381.9	3422.1	True	False	False	False	False	False	False	UNRESOLVED			False	False
NA18967	JPT	EAS	2910.5	2887.3	True	False	False	True	True	False	False	UNRESOLVED			False	False
NA18970	JPT	EAS	2848.2	2941.9	False	False	False	True	True	False	False	UNRESOLVED			False	False
NA18971	JPT	EAS	3809.6	3830.4	True	False	True	True	True	True	False	hap	https://human-pangenomics.s3.amazonaws.com/working/HPRC/NA18971/assemblies/release2/NA18971_hap1_hprc_r2_v1.0.1.fa.gz	https://human-pangenomics.s3.amazonaws.com/working/HPRC/NA18971/assemblies/release2/NA18971_hap2_hprc_r2_v1.0.1.fa.gz	False	False
NA18974	JPT	EAS	3217.5	3291.1	True	False	True	True	True	False	True	hap	https://human-pangenomics.s3.amazonaws.com/working/HPRC/NA18974/assemblies/release2/NA18974_hap1_hprc_r2_v1.0.1.fa.gz	https://human-pangenomics.s3.amazonaws.com/working/HPRC/NA18974/assemblies/release2/NA18974_hap2_hprc_r2_v1.0.1.fa.gz	False	False
NA18976	JPT	EAS	2642.4	2662.7	True	False	True	True	True	False	True	hap	https://human-pangenomics.s3.amazonaws.com/working/HPRC/NA18976/assemblies/release2/NA18976_hap1_hprc_r2_v1.0.1.fa.gz	https://human-pangenomics.s3.amazonaws.com/working/HPRC/NA18976/assemblies/release2/NA18976_hap2_hprc_r2_v1.0.1.fa.gz	False	False
NA18982	JPT	EAS	2676.2	2650.2	False	False	False	False	False	False	False	UNRESOLVED			False	False
NA18983	JPT	EAS	3266.8	3266.5	True	False	True	True	True	True	False	hap	https://human-pangenomics.s3.amazonaws.com/working/HPRC/NA18983/assemblies/release2/NA18983_hap1_hprc_r2_v1.0.1.fa.gz	https://human-pangenomics.s3.amazonaws.com/working/HPRC/NA18983/assemblies/release2/NA18983_hap2_hprc_r2_v1.0.1.fa.gz	False	False
NA19036	LWK	AFR	3083.8	3021.4	True	False	True	True	True	False	True	hap	https://human-pangenomics.s3.amazonaws.com/working/HPRC/NA19036/assemblies/release2/NA19036_hap1_hprc_r2_v1.0.1.fa.gz	https://human-pangenomics.s3.amazonaws.com/working/HPRC/NA19036/assemblies/release2/NA19036_hap2_hprc_r2_v1.0.1.fa.gz	False	False
NA19043	LWK	AFR	2764.4	2824.8	True	False	True	True	True	True	False	hap	https://human-pangenomics.s3.amazonaws.com/working/HPRC/NA19043/assemblies/release2/NA19043_hap1_hprc_r2_v1.0.1.fa.gz	https://human-pangenomics.s3.amazonaws.com/working/HPRC/NA19043/assemblies/release2/NA19043_hap2_hprc_r2_v1.0.1.fa.gz	False	False
NA19159	YRI	AFR	2719.3	2701.2	True	False	True	True	True	True	False	hap	https://human-pangenomics.s3.amazonaws.com/working/HPRC/NA19159/assemblies/release2/NA19159_hap1_hprc_r2_v1.0.1.fa.gz	https://human-pangenomics.s3.amazonaws.com/working/HPRC/NA19159/assemblies/release2/NA19159_hap2_hprc_r2_v1.0.1.fa.gz	False	False
NA19185	YRI	AFR	2603.0	2589.1	True	False	True	True	True	True	False	hap	https://human-pangenomics.s3.amazonaws.com/working/HPRC/NA19185/assemblies/release2/NA19185_hap1_hprc_r2_v1.0.1.fa.gz	https://human-pangenomics.s3.amazonaws.com/working/HPRC/NA19185/assemblies/release2/NA19185_hap2_hprc_r2_v1.0.1.fa.gz	False	False
NA19240	YRI	AFR	3188.5	3146.0	True	False	False	False	False	False	False	UNRESOLVED			False	False
NA19338	LWK	AFR	3075.8	3100.1	False	False	True	True	True	True	False	hap	https://human-pangenomics.s3.amazonaws.com/working/HPRC/NA19338/assemblies/release2/NA19338_hap1_hprc_r2_v1.0.1.fa.gz	https://human-pangenomics.s3.amazonaws.com/working/HPRC/NA19338/assemblies/release2/NA19338_hap2_hprc_r2_v1.0.1.fa.gz	False	True
NA19391	LWK	AFR	3945.7	3908.6	True	False	True	True	True	True	False	hap	https://human-pangenomics.s3.amazonaws.com/working/HPRC/NA19391/assemblies/release2/NA19391_hap1_hprc_r2_v1.0.1.fa.gz	https://human-pangenomics.s3.amazonaws.com/working/HPRC/NA19391/assemblies/release2/NA19391_hap2_hprc_r2_v1.0.1.fa.gz	False	False
NA19443	LWK	AFR	2545.5	2562.0	True	False	True	True	True	False	True	hap	https://human-pangenomics.s3.amazonaws.com/working/HPRC/NA19443/assemblies/release2/NA19443_hap1_hprc_r2_v1.0.1.fa.gz	https://human-pangenomics.s3.amazonaws.com/working/HPRC/NA19443/assemblies/release2/NA19443_hap2_hprc_r2_v1.0.1.fa.gz	False	False
NA19468	LWK	AFR	3637.6	3709.3	True	False	True	True	True	True	False	hap	https://human-pangenomics.s3.amazonaws.com/working/HPRC/NA19468/assemblies/release2/NA19468_hap1_hprc_r2_v1.0.1.fa.gz	https://human-pangenomics.s3.amazonaws.com/working/HPRC/NA19468/assemblies/release2/NA19468_hap2_hprc_r2_v1.0.1.fa.gz	False	False
NA19682	MXL	AMR	3423.4	3466.9	True	False	True	True	True	False	True	hap	https://human-pangenomics.s3.amazonaws.com/working/HPRC/NA19682/assemblies/release2/NA19682_hap1_hprc_r2_v1.0.1.fa.gz	https://human-pangenomics.s3.amazonaws.com/working/HPRC/NA19682/assemblies/release2/NA19682_hap2_hprc_r2_v1.0.1.fa.gz	True	True
NA19700	ASW	AFR	2683.8	2682.6	True	False	True	True	True	False	True	hap	https://human-pangenomics.s3.amazonaws.com/working/HPRC/NA19700/assemblies/release2/NA19700_hap1_hprc_r2_v1.0.1.fa.gz	https://human-pangenomics.s3.amazonaws.com/working/HPRC/NA19700/assemblies/release2/NA19700_hap2_hprc_r2_v1.0.1.fa.gz	True	True
NA19776	MXL	AMR	2655.9	2657.8	True	False	True	True	True	False	True	hap	https://human-pangenomics.s3.amazonaws.com/working/HPRC/NA19776/assemblies/release2/NA19776_hap1_hprc_r2_v1.0.1.fa.gz	https://human-pangenomics.s3.amazonaws.com/working/HPRC/NA19776/assemblies/release2/NA19776_hap2_hprc_r2_v1.0.1.fa.gz	True	True
NA19835	ASW	AFR	3548.5	3590.6	True	False	True	True	True	False	True	hap	https://human-pangenomics.s3.amazonaws.com/working/HPRC/NA19835/assemblies/release2/NA19835_hap1_hprc_r2_v1.0.1.fa.gz	https://human-pangenomics.s3.amazonaws.com/working/HPRC/NA19835/assemblies/release2/NA19835_hap2_hprc_r2_v1.0.1.fa.gz	False	False
NA19909	ASW	AFR	3472.3	3428.2	True	False	True	True	True	False	True	hap	https://human-pangenomics.s3.amazonaws.com/working/HPRC/NA19909/assemblies/release2/NA19909_hap1_hprc_r2_v1.0.1.fa.gz	https://human-pangenomics.s3.amazonaws.com/working/HPRC/NA19909/assemblies/release2/NA19909_hap2_hprc_r2_v1.0.1.fa.gz	False	False
NA20129	ASW	AFR	3111.9	3210.4	True	False	False	False	False	False	False	UNRESOLVED			False	False
NA20282	ASW	AFR	2974.7	2903.6	True	False	True	True	True	False	True	hap	https://human-pangenomics.s3.amazonaws.com/working/HPRC/NA20282/assemblies/release2/NA20282_hap1_hprc_r2_v1.0.1.fa.gz	https://human-pangenomics.s3.amazonaws.com/working/HPRC/NA20282/assemblies/release2/NA20282_hap2_hprc_r2_v1.0.1.fa.gz	False	False
NA20346	ASW	AFR	2547.9	2662.2	True	False	True	True	True	False	True	hap	https://human-pangenomics.s3.amazonaws.com/working/HPRC/NA20346/assemblies/release2/NA20346_hap1_hprc_r2_v1.0.1.fa.gz	https://human-pangenomics.s3.amazonaws.com/working/HPRC/NA20346/assemblies/release2/NA20346_hap2_hprc_r2_v1.0.1.fa.gz	False	False
NA20503	TSI	EUR	2710.6	2788.1	True	False	True	True	True	False	True	hap	https://human-pangenomics.s3.amazonaws.com/working/HPRC/NA20503/assemblies/release2/NA20503_hap1_hprc_r2_v1.0.1.fa.gz	https://human-pangenomics.s3.amazonaws.com/working/HPRC/NA20503/assemblies/release2/NA20503_hap2_hprc_r2_v1.0.1.fa.gz	False	False
NA20752	TSI	EUR	2670.5	2815.7	True	False	True	True	True	True	False	hap	https://human-pangenomics.s3.amazonaws.com/working/HPRC/NA20752/assemblies/release2/NA20752_hap1_hprc_r2_v1.0.1.fa.gz	https://human-pangenomics.s3.amazonaws.com/working/HPRC/NA20752/assemblies/release2/NA20752_hap2_hprc_r2_v1.0.1.fa.gz	False	False
NA20762	TSI	EUR	2970.9	3046.9	False	False	True	True	True	False	True	hap	https://human-pangenomics.s3.amazonaws.com/working/HPRC/NA20762/assemblies/release2/NA20762_hap1_hprc_r2_v1.0.1.fa.gz	https://human-pangenomics.s3.amazonaws.com/working/HPRC/NA20762/assemblies/release2/NA20762_hap2_hprc_r2_v1.0.1.fa.gz	True	True
NA20799	TSI	EUR	2789.8	2778.2	True	False	True	True	True	True	False	hap	https://human-pangenomics.s3.amazonaws.com/working/HPRC/NA20799/assemblies/release2/NA20799_hap1_hprc_r2_v1.0.1.fa.gz	https://human-pangenomics.s3.amazonaws.com/working/HPRC/NA20799/assemblies/release2/NA20799_hap2_hprc_r2_v1.0.1.fa.gz	False	False
NA20805	TSI	EUR	2381.3	2390.5	True	False	True	True	True	True	False	hap	https://human-pangenomics.s3.amazonaws.com/working/HPRC/NA20805/assemblies/release2/NA20805_hap1_hprc_r2_v1.0.1.fa.gz	https://human-pangenomics.s3.amazonaws.com/working/HPRC/NA20805/assemblies/release2/NA20805_hap2_hprc_r2_v1.0.1.fa.gz	False	False
NA20806	TSI	EUR	3452.0	3681.5	True	False	True	True	True	False	True	hap	https://human-pangenomics.s3.amazonaws.com/working/HPRC/NA20806/assemblies/release2/NA20806_hap1_hprc_r2_v1.0.1.fa.gz	https://human-pangenomics.s3.amazonaws.com/working/HPRC/NA20806/assemblies/release2/NA20806_hap2_hprc_r2_v1.0.1.fa.gz	False	False
NA20809	TSI	EUR	2945.6	2883.1	True	False	True	True	True	False	True	hap	https://human-pangenomics.s3.amazonaws.com/working/HPRC/NA20809/assemblies/release2/NA20809_hap1_hprc_r2_v1.0.1.fa.gz	https://human-pangenomics.s3.amazonaws.com/working/HPRC/NA20809/assemblies/release2/NA20809_hap2_hprc_r2_v1.0.1.fa.gz	False	False
NA20827	TSI	EUR	3354.4	3392.7	True	False	True	True	True	False	True	hap	https://human-pangenomics.s3.amazonaws.com/working/HPRC/NA20827/assemblies/release2/NA20827_hap1_hprc_r2_v1.0.1.fa.gz	https://human-pangenomics.s3.amazonaws.com/working/HPRC/NA20827/assemblies/release2/NA20827_hap2_hprc_r2_v1.0.1.fa.gz	False	False
NA20850	GIH	SAS	2530.8	2620.7	True	False	True	True	True	False	True	hap	https://human-pangenomics.s3.amazonaws.com/working/HPRC/NA20850/assemblies/release2/NA20850_hap1_hprc_r2_v1.0.1.fa.gz	https://human-pangenomics.s3.amazonaws.com/working/HPRC/NA20850/assemblies/release2/NA20850_hap2_hprc_r2_v1.0.1.fa.gz	False	False
NA20870	GIH	SAS	3396.8	3449.8	True	False	True	True	True	False	True	hap	https://human-pangenomics.s3.amazonaws.com/working/HPRC/NA20870/assemblies/release2/NA20870_hap1_hprc_r2_v1.0.1.fa.gz	https://human-pangenomics.s3.amazonaws.com/working/HPRC/NA20870/assemblies/release2/NA20870_hap2_hprc_r2_v1.0.1.fa.gz	True	True
NA20905	GIH	SAS	2807.5	2866.5	True	False	True	True	True	True	False	hap	https://human-pangenomics.s3.amazonaws.com/working/HPRC/NA20905/assemblies/release2/NA20905_hap1_hprc_r2_v1.0.1.fa.gz	https://human-pangenomics.s3.amazonaws.com/working/HPRC/NA20905/assemblies/release2/NA20905_hap2_hprc_r2_v1.0.1.fa.gz	False	False
NA21093	GIH	SAS	3314.9	3313.5	True	False	True	True	True	False	True	hap	https://human-pangenomics.s3.amazonaws.com/working/HPRC/NA21093/assemblies/release2/NA21093_hap1_hprc_r2_v1.0.1.fa.gz	https://human-pangenomics.s3.amazonaws.com/working/HPRC/NA21093/assemblies/release2/NA21093_hap2_hprc_r2_v1.0.1.fa.gz	True	True
NA21102	GIH	SAS	2585.8	2504.1	True	False	True	True	True	False	True	hap	https://human-pangenomics.s3.amazonaws.com/working/HPRC/NA21102/assemblies/release2/NA21102_hap1_hprc_r2_v1.0.1.fa.gz	https://human-pangenomics.s3.amazonaws.com/working/HPRC/NA21102/assemblies/release2/NA21102_hap2_hprc_r2_v1.0.1.fa.gz	False	False
NA21106	GIH	SAS	3015.3	3021.3	True	False	True	True	True	False	True	hap	https://human-pangenomics.s3.amazonaws.com/working/HPRC/NA21106/assemblies/release2/NA21106_hap1_hprc_r2_v1.0.1.fa.gz	https://human-pangenomics.s3.amazonaws.com/working/HPRC/NA21106/assemblies/release2/NA21106_hap2_hprc_r2_v1.0.1.fa.gz	False	False
NA21110	GIH	SAS	3323.8	3360.9	True	False	True	True	True	False	True	hap	https://human-pangenomics.s3.amazonaws.com/working/HPRC/NA21110/assemblies/release2/NA21110_hap1_hprc_r2_v1.0.1.fa.gz	https://human-pangenomics.s3.amazonaws.com/working/HPRC/NA21110/assemblies/release2/NA21110_hap2_hprc_r2_v1.0.1.fa.gz	True	True
NA21144	GIH	SAS	2915.4	2873.2	True	False	True	True	True	False	True	hap	https://human-pangenomics.s3.amazonaws.com/working/HPRC/NA21144/assemblies/release2/NA21144_hap1_hprc_r2_v1.0.1.fa.gz	https://human-pangenomics.s3.amazonaws.com/working/HPRC/NA21144/assemblies/release2/NA21144_hap2_hprc_r2_v1.0.1.fa.gz	True	True
NA21309	NA	NA	2969.5	2961.3	True	False	False	False	False	False	False	UNRESOLVED			False	False
